{
    "ret": 1.121810379653544,
    "mtx": [
        [
            1447.9804004365824,
            0.0,
            617.3063266183908
        ],
        [
            0.0,
            1448.4116664252433,
            289.02239681156016
        ],
        [
            0.0,
            0.0,
            1.0
        ]
    ],
    "dist": [
        [
            0.0397515407032859,
            1.259291585298002,
            -0.010631456171277863,
            -0.00784841820297665,
            -5.925444820936321
        ]
    ],
    "rvecs": [
        [
            [
                0.04744845983744999
            ],
            [
                0.5853748135033499
            ],
            [
                1.5312260849552155
            ]
        ],
        [
            [
                0.04213223705190935
            ],
            [
                0.5880370661033627
            ],
            [
                1.5347401249114638
            ]
        ],
        [
            [
                -0.02264313538620777
            ],
            [
                0.3600635476045244
            ],
            [
                1.5368234619665788
            ]
        ],
        [
            [
                -0.013735042649034428
            ],
            [
                0.14282045374821964
            ],
            [
                -0.06851914618040007
            ]
        ],
        [
            [
                0.3074904911982632
            ],
            [
                -0.027782091837908703
            ],
            [
                -1.5261340912169337
            ]
        ],
        [
            [
                -0.2356091502435198
            ],
            [
                -0.5112704664350347
            ],
            [
                -1.4314824827724826
            ]
        ],
        [
            [
                -0.13275525604658966
            ],
            [
                -0.12135123211512683
            ],
            [
                -1.5172832394224836
            ]
        ],
        [
            [
                0.03187046655355595
            ],
            [
                0.3720830652130447
            ],
            [
                1.5039362861414536
            ]
        ],
        [
            [
                -0.09305537571058731
            ],
            [
                0.051301587897029495
            ],
            [
                -0.042648385780743404
            ]
        ],
        [
            [
                -0.24321778907286687
            ],
            [
                -0.2798518018010993
            ],
            [
                -1.3098109635991642
            ]
        ],
        [
            [
                -0.30007052758276764
            ],
            [
                -0.07659898857121422
            ],
            [
                -1.419235846972899
            ]
        ],
        [
            [
                -0.04855536704072694
            ],
            [
                -0.1389033747641968
            ],
            [
                -1.5296221091233784
            ]
        ],
        [
            [
                -0.16407467274144677
            ],
            [
                -0.008924088940349318
            ],
            [
                -1.3737979988730196
            ]
        ],
        [
            [
                -0.0682263777225288
            ],
            [
                0.0988945765025257
            ],
            [
                1.4566786612558895
            ]
        ],
        [
            [
                -0.08504985163895736
            ],
            [
                0.21081796311207002
            ],
            [
                1.5141651342605424
            ]
        ],
        [
            [
                0.03907232669967188
            ],
            [
                0.5797406621304325
            ],
            [
                1.532279095238075
            ]
        ],
        [
            [
                0.02717248705066931
            ],
            [
                -0.20341312056131786
            ],
            [
                -0.018800571197971055
            ]
        ],
        [
            [
                0.13232364505827607
            ],
            [
                -0.19119840846821679
            ],
            [
                -0.009972880888304784
            ]
        ],
        [
            [
                -0.08187047413138192
            ],
            [
                -0.2656850297851766
            ],
            [
                -1.3894923464492102
            ]
        ],
        [
            [
                -0.09126131852655164
            ],
            [
                0.05773542012164088
            ],
            [
                -0.02767155156322724
            ]
        ],
        [
            [
                0.07933484917454231
            ],
            [
                -0.14780208125326763
            ],
            [
                -0.04398500080343058
            ]
        ],
        [
            [
                -0.3043646456836105
            ],
            [
                -0.5577193228355585
            ],
            [
                -1.4191542030768451
            ]
        ],
        [
            [
                -0.07070817011707001
            ],
            [
                0.12408809156964871
            ],
            [
                1.5490486635780578
            ]
        ],
        [
            [
                0.0010935481306302683
            ],
            [
                0.41728305710857616
            ],
            [
                1.545774766027157
            ]
        ]
    ],